{
  "tags": {
    "DASHBOARD.DjIvvFq": {
      "versionNumber": 0,
      "lastModifiedBy": {
        "login": "admin"
      },
      "lastModifiedOn": 1754572049845
    },
    "PROJECT.COMPARES3": {
      "versionNumber": 3,
      "lastModifiedBy": {
        "login": "admin"
      },
      "lastModifiedOn": 1755762631973
    },
    "SCENARIO.COMPARE_S3": {
      "versionNumber": 67,
      "lastModifiedBy": {
        "login": "admin"
      },
      "lastModifiedOn": 1755786533859
    },
    "SCENARIO.compare_table_metrics": {
      "versionNumber": 5,
      "lastModifiedBy": {
        "login": "admin"
      },
      "lastModifiedOn": 1755786645657
    },
    "SCENARIO.verify_hms_availability": {
      "versionNumber": 8,
      "lastModifiedBy": {
        "login": "admin"
      },
      "lastModifiedOn": 1755786414771
    }
  }
}