{
  "type": "step_based",
  "name": "verify_hms_availability",
  "active": false,
  "runAsUser": "admin",
  "checklists": {
    "checklists": []
  },
  "delayedTriggersBehavior": {
    "delayWhileRunning": true,
    "squashDelayedTriggers": true,
    "suppressTriggersWhileRunning": true
  },
  "tags": [],
  "triggers": [],
  "reporters": [],
  "params": {
    "steps": [
      {
        "id": "def_scenar_vars",
        "type": "define_vars",
        "name": "Define Variables",
        "enabled": true,
        "alwaysShowComment": false,
        "runConditionType": "RUN_IF_STATUS_MATCH",
        "runConditionStatuses": [
          "SUCCESS",
          "WARNING"
        ],
        "runConditionExpression": "",
        "resetScenarioStatus": false,
        "delayBetweenRetries": 10,
        "maxRetriesOnFail": 0,
        "params": {
          "variables": {
            "HMS_HOST": "10.156.72.217",
            "HMS_PORT": "9083"
          },
          "definitions": [
            {
              "key": "",
              "value": ""
            }
          ],
          "evaluateValues": false
        }
      },
      {
        "id": "exec_pytest_4J1me+TAfKNnRYp2IwXGrA",
        "type": "exec_pytest",
        "name": "Run PyTest",
        "enabled": true,
        "alwaysShowComment": false,
        "runConditionType": "RUN_IF_STATUS_MATCH",
        "runConditionStatuses": [
          "SUCCESS",
          "WARNING"
        ],
        "runConditionExpression": "",
        "resetScenarioStatus": false,
        "delayBetweenRetries": 10,
        "maxRetriesOnFail": 0,
        "params": {
          "testsSelector": "python/verify_hms_availability/",
          "envSelection": {
            "envMode": "EXPLICIT_ENV",
            "envName": "test"
          },
          "logLevel": "INFO",
          "proceedOnFailure": true
        }
      },
      {
        "id": "custom_python_rBcy/j2ebJbBzGE6zcENPA",
        "type": "custom_python",
        "name": "Upload to Allure Reports",
        "enabled": true,
        "alwaysShowComment": false,
        "runConditionType": "RUN_IF_STATUS_MATCH",
        "runConditionStatuses": [
          "SUCCESS",
          "WARNING"
        ],
        "runConditionExpression": "",
        "resetScenarioStatus": false,
        "delayBetweenRetries": 10,
        "maxRetriesOnFail": 0,
        "params": {
          "script": "from dataiku.scenario import Scenario\n\n# The Scenario object is the main handle from which you initiate steps\nscenario \u003d Scenario()\n\nfrom allure_uploader import send_allure_results\n\nif __name__ \u003d\u003d \"__main__\":\n    report_url \u003d send_allure_results(\n        allure_results_directory\u003d\u0027../report/allure-results/verify-hms-availability\u0027,\n        allure_server\u003d\u0027http://10.156.72.217:28278\u0027,\n        project_id\u003d\u0027verify-hms-availability\u0027,\n        security_user\u003d\u0027admin\u0027,\n        security_password\u003d\u0027abc123!\u0027,\n        ssl_verification\u003dTrue\n    )\n\n    print(\"The Allure report is available at:\", report_url)\n    \nscenario.set_scenario_variables(allure_report_url\u003dreport_url)\n    ",
          "envSelection": {
            "envMode": "EXPLICIT_ENV",
            "envName": "test"
          },
          "proceedOnFailure": false
        }
      },
      {
        "id": "custom_python_ELNXi6GRK7Kyg+g4uENjEA",
        "type": "custom_python",
        "name": "Step #3",
        "enabled": false,
        "alwaysShowComment": false,
        "runConditionType": "RUN_IF_STATUS_MATCH",
        "runConditionStatuses": [
          "SUCCESS",
          "WARNING"
        ],
        "runConditionExpression": "",
        "resetScenarioStatus": false,
        "delayBetweenRetries": 10,
        "maxRetriesOnFail": 0,
        "params": {
          "script": "import dataiku\n\nclient \u003d dataiku.api_client()\nconnection \u003d client.get_connection(\"trino\")\n\nprint(connection.get_info())\n\nauth_info \u003d client.get_auth_info(with_secrets\u003dTrue)\nsecrets_dict \u003d { i[\"key\"]: i[\"value\"] for i in auth_info[\"secrets\"] }\n\nprint (f\"AWS_ACCESS_KEY \u003d {secrets_dict[\u0027AWS_ACCESS_KEY\u0027]}\")\n",
          "envSelection": {
            "envMode": "EXPLICIT_ENV",
            "envName": "test"
          },
          "proceedOnFailure": false
        }
      },
      {
        "id": "custom_python_pA+cd5ENdHUZ6x6cJu/jvg",
        "type": "custom_python",
        "name": "Step #4",
        "enabled": true,
        "alwaysShowComment": false,
        "runConditionType": "RUN_IF_STATUS_MATCH",
        "runConditionStatuses": [
          "SUCCESS",
          "WARNING"
        ],
        "runConditionExpression": "",
        "resetScenarioStatus": false,
        "delayBetweenRetries": 10,
        "maxRetriesOnFail": 0,
        "params": {
          "script": "import time\nimport dataiku\nfrom dataiku.scenario import Scenario\n\n# The Scenario object is the main handle from which you initiate steps\nscenario \u003d Scenario()\n\nmy_param_value \u003d scenario.get_trigger_params().get(\"requestId\")\n\nprint(\"Variables: \", scenario.get_all_variables())\n\nclient \u003d dataiku.api_client()\nauth_info \u003d client.get_auth_info(with_secrets\u003dTrue)\nprint (auth_info[\"secrets\"])\n\n\n\n# Get current project\nproject \u003d client.get_default_project()\nprint (project)\nprint(\"Project key:\", project.project_key)\nprint(\"Project variables:\", project.get_variables())",
          "envSelection": {
            "envMode": "EXPLICIT_ENV",
            "envName": "test"
          },
          "proceedOnFailure": false
        }
      }
    ]
  },
  "automationLocal": false,
  "customFields": {},
  "markedAsTest": true
}